name,primary_market,categories,address,city,state,zip,phone,rating,reviews,claimed,verified,profile_strength,website,independent,services,description,source,source_updated,markets
The Coolest LLC,Austin,HVAC,"4505 Terry-O Ln, Austin, TX 78745",Austin,TX,78745,512-468-6140,4.8,160,false,false,0,,,,The Coolest LLC is a hvac company included in Texas Rated coverage for the Austin market.,Public business listing snapshot,2026-08-28,Austin|South Austin
Alamo Austin Air Conditioning & Heating,Austin,HVAC,"8819 Jim Davis Pl, Austin, TX 78736",Austin,TX,78736,512-537-0108,4.8,249,false,false,0,,,,Alamo Austin Air Conditioning & Heating is a hvac company included in Texas Rated coverage for the Austin market.,Public business listing snapshot,2026-08-28,Austin|South Austin
ABC Austin Service Express LLC,Austin,HVAC,"Austin, TX",Austin,TX,,512-379-6775,4.9,864,false,false,0,,,,ABC Austin Service Express LLC is a hvac company included in Texas Rated coverage for the Austin market.,Public business listing snapshot,2026-08-28,Austin
Goettl Air Conditioning and Plumbing - Austin TX,Austin,HVAC,"3600 Silver Dollar Cir, Austin, TX 78744",Austin,TX,78744,512-991-2882,3.4,202,false,false,0,,,,Goettl Air Conditioning and Plumbing - Austin TX is a hvac company included in Texas Rated coverage for the Austin market.,Public business listing snapshot,2026-08-28,Austin|South Austin
ABC Home & Commercial - HVAC Services Department,Austin,HVAC,"9475 US-290, Austin, TX 78724",Austin,TX,78724,512-220-7668,4.9,990,false,false,0,,,,ABC Home & Commercial - HVAC Services Department is a hvac company included in Texas Rated coverage for the Austin market.,Public business listing snapshot,2026-08-28,Austin
ABC Home & Commercial - Plumbing Services Department,Austin,Plumbing,"9475 US-290, Austin, TX 78724",Austin,TX,78724,512-220-7667,4.9,1066,false,false,0,,,,ABC Home & Commercial - Plumbing Services Department is a plumbing company included in Texas Rated coverage for the Austin market.,Public business listing snapshot,2026-08-28,Austin
Rooter-Man Plumbing Austin TX,Austin,Plumbing,"15503 Patrica St, Austin, TX 78728",Austin,TX,78728,512-720-7092,4.7,513,false,false,0,,,,Rooter-Man Plumbing Austin TX is a plumbing company included in Texas Rated coverage for the Austin market.,Public business listing snapshot,2026-08-28,Austin|North Austin
"Radiant Plumbing, Air Conditioning, & Electrical",Austin,Plumbing,"901 Reinli St, Austin, TX 78751",Austin,TX,78751,512-690-4935,2.6,850,false,false,0,,,,"Radiant Plumbing, Air Conditioning, & Electrical is a plumbing company included in Texas Rated coverage for the Austin market.",Public business listing snapshot,2026-08-28,Austin|North Austin
Austin’s Greatest Plumbing,Austin,Plumbing,"2210 Melissa Oaks Ln, Austin, TX 78744",Austin,TX,78744,512-377-9919,5.0,298,false,false,0,,,,Austin’s Greatest Plumbing is a plumbing company included in Texas Rated coverage for the Austin market.,Public business listing snapshot,2026-08-28,Austin|South Austin
Juan & Only Plumber,Austin,Plumbing,"1834 Ferguson Ln Unit 1000, Austin, TX 78754",Austin,TX,78754,512-222-7311,4.7,40,false,false,0,,,,Juan & Only Plumber is a plumbing company included in Texas Rated coverage for the Austin market.,Public business listing snapshot,2026-08-28,Austin|North Austin
Austin Roofing Company & Water Damage | WDR,Austin,Roofing,"9711 Beck Cir, Austin, TX 78758",Austin,TX,78758,512-820-6505,4.9,539,false,false,0,,,,Austin Roofing Company & Water Damage | WDR is a roofing company included in Texas Rated coverage for the Austin market.,Public business listing snapshot,2026-08-28,Austin|North Austin
LOA Construction and Austin Roofing,Austin,Roofing,"706 W Ben White Blvd Ste 200B, Austin, TX 78704",Austin,TX,78704,512-375-3654,4.9,35,false,false,0,,,,LOA Construction and Austin Roofing is a roofing company included in Texas Rated coverage for the Austin market.,Public business listing snapshot,2026-08-28,Austin|South Austin
Lapeyre Roofing,Austin,Roofing,"215 Brazos St, Austin, TX 78701",Austin,TX,78701,512-877-3087,5.0,354,false,false,0,,,,Lapeyre Roofing is a roofing company included in Texas Rated coverage for the Austin market.,Public business listing snapshot,2026-08-28,Austin
Ja-Mar Roofing & Sheet Metal - Austin,Austin,Roofing,"4101 Parkstone Heights Dr Ste 250, Austin, TX 78746",Austin,TX,78746,512-441-8437,4.9,667,false,false,0,,,,Ja-Mar Roofing & Sheet Metal - Austin is a roofing company included in Texas Rated coverage for the Austin market.,Public business listing snapshot,2026-08-28,Austin|South Austin
Matthew Lorand Roofing,Austin,Roofing,"7215 Chimney Corners, Austin, TX 78731",Austin,TX,78731,512-623-7407,4.3,16,false,false,0,,,,Matthew Lorand Roofing is a roofing company included in Texas Rated coverage for the Austin market.,Public business listing snapshot,2026-08-28,Austin|North Austin
TruTec Electric,Austin,Electrical,"2505 E 6th St Unit G, Austin, TX 78702",Austin,TX,78702,512-641-5311,4.9,1065,false,false,0,,,,TruTec Electric is a electrical company included in Texas Rated coverage for the Austin market.,Public business listing snapshot,2026-08-28,Austin
U.S. Electric Contractors,Austin,Electrical,"1515 E Cesar Chavez St Ste 100, Austin, TX 78702",Austin,TX,78702,512-737-8284,5.0,277,false,false,0,,,,U.S. Electric Contractors is a electrical company included in Texas Rated coverage for the Austin market.,Public business listing snapshot,2026-08-28,Austin
Texas Electrical Connect,Austin,Electrical,"Austin, TX 78703",Austin,TX,78703,512-956-0639,4.9,212,false,false,0,,,,Texas Electrical Connect is a electrical company included in Texas Rated coverage for the Austin market.,Public business listing snapshot,2026-08-28,Austin
Volthouse Electric,Austin,Electrical,"Manchaca, TX",Austin,TX,,512-765-0604,5.0,438,false,false,0,,,,Volthouse Electric is a electrical company included in Texas Rated coverage for the Austin market.,Public business listing snapshot,2026-08-28,Austin
Malco Electric,Austin,Electrical,"10908 US-290, Austin, TX 78737",Austin,TX,78737,512-301-9111,4.8,170,false,false,0,,,,Malco Electric is a electrical company included in Texas Rated coverage for the Austin market.,Public business listing snapshot,2026-08-28,Austin|South Austin
Wilder Tree Company,Austin,Tree Service,"6910 Halesboro Dr, Austin, TX 78736",Austin,TX,78736,512-729-8733,4.6,20,false,false,0,,,,Wilder Tree Company is a tree service company included in Texas Rated coverage for the Austin market.,Public business listing snapshot,2026-08-28,Austin|South Austin
Beny’s Tree Service,Austin,Tree Service,"9530 US-290 Service Rd, Austin, TX 78724",Austin,TX,78724,512-412-3784,4.6,103,false,false,0,,,,Beny’s Tree Service is a tree service company included in Texas Rated coverage for the Austin market.,Public business listing snapshot,2026-08-28,Austin
Ortiz Tree Trimming,Austin,Tree Service,"Austin, TX 78616",Austin,TX,78616,512-507-6659,4.9,326,false,false,0,,,,Ortiz Tree Trimming is a tree service company included in Texas Rated coverage for the Austin market.,Public business listing snapshot,2026-08-28,Austin
Sid Mourning Tree Service,Austin,Tree Service,"3810 Medical Pkwy, Austin, TX 78756",Austin,TX,78756,512-420-0733,4.0,114,false,false,0,,,,Sid Mourning Tree Service is a tree service company included in Texas Rated coverage for the Austin market.,Public business listing snapshot,2026-08-28,Austin
Adam’s Apple Tree Service,Austin,Tree Service,"Austin, TX",Austin,TX,,512-912-8733,5.0,350,false,false,0,,,,Adam’s Apple Tree Service is a tree service company included in Texas Rated coverage for the Austin market.,Public business listing snapshot,2026-08-28,Austin
Southern Love Landscaping & Design,Austin,Landscaping,"111 Congress Ave Ste 400, Austin, TX 78701",Austin,TX,78701,512-402-6575,4.9,51,false,false,0,,,,Southern Love Landscaping & Design is a landscaping company included in Texas Rated coverage for the Austin market.,Public business listing snapshot,2026-08-28,Austin
ATX Prestige Landscaping,Austin,Landscaping,"Austin, TX",Austin,TX,,512-749-8853,4.9,215,false,false,0,,,,ATX Prestige Landscaping is a landscaping company included in Texas Rated coverage for the Austin market.,Public business listing snapshot,2026-08-28,Austin
Alvaro’s Landscaping and Tree Service,Austin,Landscaping,"Austin, TX",Austin,TX,,512-770-3399,5.0,238,false,false,0,,,,Alvaro’s Landscaping and Tree Service is a landscaping company included in Texas Rated coverage for the Austin market.,Public business listing snapshot,2026-08-28,Austin
Cutters Landscaping,Austin,Landscaping,"9600 Great Hills Trl Suite 150W, Austin, TX 78759",Austin,TX,78759,512-560-1968,5.0,149,false,false,0,,,,Cutters Landscaping is a landscaping company included in Texas Rated coverage for the Austin market.,Public business listing snapshot,2026-08-28,Austin|North Austin
Good Neighbor Lawn Care,Austin,Landscaping,"Austin, TX",Austin,TX,,512-900-8405,4.9,203,false,false,0,,,,Good Neighbor Lawn Care is a landscaping company included in Texas Rated coverage for the Austin market.,Public business listing snapshot,2026-08-28,Austin
RcTex Pavers,Austin,Hardscaping,"460 Bastrop Hwy #815, Austin, TX 78741",Austin,TX,78741,737-704-1473,5.0,5,false,false,0,,,,RcTex Pavers is a hardscaping company included in Texas Rated coverage for the Austin market.,Public business listing snapshot,2026-08-28,Austin|South Austin
Allied Outdoor Solutions,Austin,Hardscaping,"317 Ranch Rd 620 S #302C, Lakeway, TX 78734",Lakeway,TX,78734,512-835-6100,4.6,188,false,false,0,,,,Allied Outdoor Solutions is a hardscaping company included in Texas Rated coverage for the Austin market.,Public business listing snapshot,2026-08-28,Austin
J&L Hardscapes LLC,Austin,Hardscaping,"Austin, TX",Austin,TX,,276-250-9592,5.0,40,false,false,0,,,,J&L Hardscapes LLC is a hardscaping company included in Texas Rated coverage for the Austin market.,Public business listing snapshot,2026-08-28,Austin
System Pavers - Austin,Austin,Hardscaping,"10900 Stonelake Blvd Bld 2 Suite 100, Austin, TX 78759",Austin,TX,78759,512-655-2667,4.5,83,false,false,0,,,,System Pavers - Austin is a hardscaping company included in Texas Rated coverage for the Austin market.,Public business listing snapshot,2026-08-28,Austin|North Austin
Lighthouse Concrete and Landscape,Austin,Hardscaping,"Austin, TX 78747",Austin,TX,78747,512-784-7803,4.9,43,false,false,0,,,,Lighthouse Concrete and Landscape is a hardscaping company included in Texas Rated coverage for the Austin market.,Public business listing snapshot,2026-08-28,Austin|South Austin
Swept Up Cleaning Co.,Austin,House Cleaning,"111 Congress Ave Ste 461A, Austin, TX 78701",Austin,TX,78701,512-706-9717,4.1,14,false,false,0,,,,Swept Up Cleaning Co. is a house cleaning company included in Texas Rated coverage for the Austin market.,Public business listing snapshot,2026-08-28,Austin
Austin Cleaning Service,Austin,House Cleaning,"500 W 2nd St Ste 110, Austin, TX 78701",Austin,TX,78701,737-787-5567,5.0,429,false,false,0,,,,Austin Cleaning Service is a house cleaning company included in Texas Rated coverage for the Austin market.,Public business listing snapshot,2026-08-28,Austin
DF CLEANING LLC,Austin,House Cleaning,"1719 Adina St, Austin, TX 78721",Austin,TX,78721,832-515-9614,5.0,678,false,false,0,,,,DF CLEANING LLC is a house cleaning company included in Texas Rated coverage for the Austin market.,Public business listing snapshot,2026-08-28,Austin
Austin Skyline Cleaning Services,Austin,House Cleaning,"8830 Business Park Dr Ste 200B, Austin, TX 78759",Austin,TX,78759,512-222-3553,5.0,1,false,false,0,,,,Austin Skyline Cleaning Services is a house cleaning company included in Texas Rated coverage for the Austin market.,Public business listing snapshot,2026-08-28,Austin|North Austin
Austin Cleaning Crew,Austin,House Cleaning,"3001 Cherrywood Rd, Austin, TX 78722",Austin,TX,78722,512-256-0490,4.9,348,false,false,0,,,,Austin Cleaning Crew is a house cleaning company included in Texas Rated coverage for the Austin market.,Public business listing snapshot,2026-08-28,Austin
Mr. Handyman of South Austin/Lakeway,Austin,Handyman,"7509 Menchaca Rd Unit 104, Austin, TX 78745",Austin,TX,78745,512-456-3443,4.5,92,false,false,0,,,,Mr. Handyman of South Austin/Lakeway is a handyman company included in Texas Rated coverage for the Austin market.,Public business listing snapshot,2026-08-28,Austin|South Austin
South Austin Handyman,Austin,Handyman,"Austin, TX",Austin,TX,,512-299-7995,5.0,103,false,false,0,,,,South Austin Handyman is a handyman company included in Texas Rated coverage for the Austin market.,Public business listing snapshot,2026-08-28,Austin
Ace Handyman Services West Austin,Austin,Handyman,"201 Ranch Rd 620 S Ste A, Lakeway, TX 78734",Lakeway,TX,78734,512-366-3142,4.2,20,false,false,0,,,,Ace Handyman Services West Austin is a handyman company included in Texas Rated coverage for the Austin market.,Public business listing snapshot,2026-08-28,Austin
Fixitrocket LLC Home Repair Service,Austin,Handyman,"10320 Boulder Ln, Austin, TX 78726",Austin,TX,78726,773-322-2166,5.0,14,false,false,0,,,,Fixitrocket LLC Home Repair Service is a handyman company included in Texas Rated coverage for the Austin market.,Public business listing snapshot,2026-08-28,Austin
VZ Tech PRO Appliance repair & Handyman services,Austin,Handyman,"1907 E 2nd St, Austin, TX 78702",Austin,TX,78702,737-342-0072,5.0,188,false,false,0,,,,VZ Tech PRO Appliance repair & Handyman services is a handyman company included in Texas Rated coverage for the Austin market.,Public business listing snapshot,2026-08-28,Austin
1-800-JunkPro Austin,Austin,Dumpster Rental,"8602 Lava Hill Rd, Austin, TX 78744",Austin,TX,78744,512-717-4330,5.0,1240,false,false,0,,,,1-800-JunkPro Austin is a dumpster rental company included in Texas Rated coverage for the Austin market.,Public business listing snapshot,2026-08-28,Austin|South Austin
Grime Time Dumpster Rentals - Austin,Austin,Dumpster Rental,"4812 N I-35 Ste B, Austin, TX 78751",Austin,TX,78751,512-387-5802,3.9,19,false,false,0,,,,Grime Time Dumpster Rentals - Austin is a dumpster rental company included in Texas Rated coverage for the Austin market.,Public business listing snapshot,2026-08-28,Austin|North Austin
VaVia Dumpster Rental Austin,Austin,Dumpster Rental,"1314 Arcadia Ave, Austin, TX 78757",Austin,TX,78757,512-368-3302,5.0,169,false,false,0,,,,VaVia Dumpster Rental Austin is a dumpster rental company included in Texas Rated coverage for the Austin market.,Public business listing snapshot,2026-08-28,Austin|North Austin
"BinDumped, LLC",Austin,Dumpster Rental,"13825 FM 2769, Austin, TX 78726",Austin,TX,78726,512-690-4999,4.9,234,false,false,0,,,,"BinDumped, LLC is a dumpster rental company included in Texas Rated coverage for the Austin market.",Public business listing snapshot,2026-08-28,Austin
Bin There Dump That Dumpster Rental Austin,Austin,Dumpster Rental,"9906 FM812, Austin, TX 78719",Austin,TX,78719,512-598-4770,5.0,136,false,false,0,,,,Bin There Dump That Dumpster Rental Austin is a dumpster rental company included in Texas Rated coverage for the Austin market.,Public business listing snapshot,2026-08-28,Austin
1-800-GOT-JUNK? Austin,Austin,Junk Removal,"Austin, TX",Austin,TX,,512-287-7996,5.0,8842,false,false,0,,,,1-800-GOT-JUNK? Austin is a junk removal company included in Texas Rated coverage for the Austin market.,Public business listing snapshot,2026-08-28,Austin
Junk King Austin,Austin,Junk Removal,"600 W 28th St #105, Austin, TX 78705",Austin,TX,78705,512-994-2250,4.0,83,false,false,0,,,,Junk King Austin is a junk removal company included in Texas Rated coverage for the Austin market.,Public business listing snapshot,2026-08-28,Austin
ATX Junk-a-Haulics,Austin,Junk Removal,"2501 Gardenia Dr, Austin, TX 78727",Austin,TX,78727,512-350-3830,5.0,361,false,false,0,,,,ATX Junk-a-Haulics is a junk removal company included in Texas Rated coverage for the Austin market.,Public business listing snapshot,2026-08-28,Austin|North Austin
ATX Junk Bros,Austin,Junk Removal,"2716 Sweeney Ln, Austin, TX 78723",Austin,TX,78723,512-369-9086,4.9,63,false,false,0,,,,ATX Junk Bros is a junk removal company included in Texas Rated coverage for the Austin market.,Public business listing snapshot,2026-08-28,Austin
The Junkluggers of Austin,Austin,Junk Removal,"9709 Brown Ln Ste A, Austin, TX 78754",Austin,TX,78754,512-577-2902,4.8,47,false,false,0,,,,The Junkluggers of Austin is a junk removal company included in Texas Rated coverage for the Austin market.,Public business listing snapshot,2026-08-28,Austin|North Austin
X Out Pest Services - Austin,Austin,Pest Control,"501 Congress Ave Ste 150-237, Austin, TX 78701",Austin,TX,78701,512-271-5656,4.9,141,false,false,0,,,,X Out Pest Services - Austin is a pest control company included in Texas Rated coverage for the Austin market.,Public business listing snapshot,2026-08-28,Austin
ClearDefense Pest Control,Austin,Pest Control,"8906 Wall St Ste 407, Austin, TX 78754",Austin,TX,78754,737-284-2284,4.9,35,false,false,0,,,,ClearDefense Pest Control is a pest control company included in Texas Rated coverage for the Austin market.,Public business listing snapshot,2026-08-28,Austin|North Austin
Berrett Pest Control - Austin,Austin,Pest Control,"5214 Burleson Rd Ste 115, Austin, TX 78744",Austin,TX,78744,512-879-6140,4.1,229,false,false,0,,,,Berrett Pest Control - Austin is a pest control company included in Texas Rated coverage for the Austin market.,Public business listing snapshot,2026-08-28,Austin|South Austin
Absolute Pest Management,Austin,Pest Control,"8708 S Congress Ave, Austin, TX 78745",Austin,TX,78745,737-343-9566,4.1,116,false,false,0,,,,Absolute Pest Management is a pest control company included in Texas Rated coverage for the Austin market.,Public business listing snapshot,2026-08-28,Austin|South Austin
Chem-free Organic Pest & Lawn Services,Austin,Pest Control,"9475 US-290, Austin, TX 78724",Austin,TX,78724,512-837-9681,3.8,91,false,false,0,,,,Chem-free Organic Pest & Lawn Services is a pest control company included in Texas Rated coverage for the Austin market.,Public business listing snapshot,2026-08-28,Austin
Precision Garage Door of Austin,Austin,Garage Door,"1300 Smith Rd #105, Austin, TX 78721",Austin,TX,78721,737-212-9367,4.2,243,false,false,0,,,,Precision Garage Door of Austin is a garage door company included in Texas Rated coverage for the Austin market.,Public business listing snapshot,2026-08-28,Austin
Austin Garage Door Solutions Same Day Service Garage Door Repair,Austin,Garage Door,"6511 Sunstrip Dr, Austin, TX 78745",Austin,TX,78745,512-709-3704,5.0,412,false,false,0,,,,Austin Garage Door Solutions Same Day Service Garage Door Repair is a garage door company included in Texas Rated coverage for the Austin market.,Public business listing snapshot,2026-08-28,Austin|South Austin
Century Garage Door Repair Service,Austin,Garage Door,"4505 Terry-O Ln suite A102, Austin, TX 78745",Austin,TX,78745,737-316-0572,5.0,405,false,false,0,,,,Century Garage Door Repair Service is a garage door company included in Texas Rated coverage for the Austin market.,Public business listing snapshot,2026-08-28,Austin|South Austin
Garage Door Repair Austin By A-American Overhead Doors,Austin,Garage Door,"Austin, TX",Austin,TX,,512-947-3294,5.0,316,false,false,0,,,,Garage Door Repair Austin By A-American Overhead Doors is a garage door company included in Texas Rated coverage for the Austin market.,Public business listing snapshot,2026-08-28,Austin
Gator Garage Doors,Austin,Garage Door,"11701 Bee Caves Rd Ste 212, Bee Cave, TX 78738",Austin,TX,78738,512-333-4542,5.0,551,false,false,0,,,,Gator Garage Doors is a garage door company included in Texas Rated coverage for the Austin market.,Public business listing snapshot,2026-08-28,Austin
Tex Painting,Austin,Painting,"1212 Guadalupe St, Austin, TX 78701",Austin,TX,78701,512-898-7649,4.9,438,false,false,0,,,,Tex Painting is a painting company included in Texas Rated coverage for the Austin market.,Public business listing snapshot,2026-08-28,Austin
"21st Century Painting, Roofing, & Siding of Austin",Austin,Painting,"9811-A Beck Cir, Austin, TX 78758",Austin,TX,78758,512-219-0342,4.8,150,false,false,0,,,,"21st Century Painting, Roofing, & Siding of Austin is a painting company included in Texas Rated coverage for the Austin market.",Public business listing snapshot,2026-08-28,Austin|North Austin
Color Stars Painting LLC,Austin,Painting,"Austin, TX",Austin,TX,,512-815-0310,5.0,249,false,false,0,,,,Color Stars Painting LLC is a painting company included in Texas Rated coverage for the Austin market.,Public business listing snapshot,2026-08-28,Austin
Vivax Pros,Austin,Painting,"1804 Ulit Ave, Austin, TX 78702",Austin,TX,78702,512-668-9443,4.7,162,false,false,0,,,,Vivax Pros is a painting company included in Texas Rated coverage for the Austin market.,Public business listing snapshot,2026-08-28,Austin
"CertaPro Painters of Austin, TX",Austin,Painting,"12444 Research Blvd, Austin, TX 78759",Austin,TX,78759,512-323-9502,4.2,102,false,false,0,,,,"CertaPro Painters of Austin, TX is a painting company included in Texas Rated coverage for the Austin market.",Public business listing snapshot,2026-08-28,Austin|North Austin
PhD Pool Care,Austin,Pool Service,"Austin, TX",Austin,TX,,512-945-2121,5.0,229,false,false,0,,,,PhD Pool Care is a pool service company included in Texas Rated coverage for the Austin market.,Public business listing snapshot,2026-08-28,Austin
Prime Pool Service,Austin,Pool Service,"12014 N Lamar Blvd, Austin, TX 78753",Austin,TX,78753,512-441-3473,4.7,586,false,false,0,,,,Prime Pool Service is a pool service company included in Texas Rated coverage for the Austin market.,Public business listing snapshot,2026-08-28,Austin|North Austin
American Spa And Pool Service,Austin,Pool Service,"15011 Texas St, Austin, TX 78734",Austin,TX,78734,512-293-7831,4.6,58,false,false,0,,,,American Spa And Pool Service is a pool service company included in Texas Rated coverage for the Austin market.,Public business listing snapshot,2026-08-28,Austin
Aqua Clear Pool Care,Austin,Pool Service,"2800 S I-35 Frontage Rd Ste 200, Austin, TX 78704",Austin,TX,78704,512-658-3922,4.6,30,false,false,0,,,,Aqua Clear Pool Care is a pool service company included in Texas Rated coverage for the Austin market.,Public business listing snapshot,2026-08-28,Austin|South Austin
Patriot Pool & Spa,Austin,Pool Service,"1912 Bench Mark Dr, Austin, TX 78728",Austin,TX,78728,512-601-6960,4.6,129,false,false,0,,,,Patriot Pool & Spa is a pool service company included in Texas Rated coverage for the Austin market.,Public business listing snapshot,2026-08-28,Austin|North Austin
Limestone Moving Co.,Austin,Moving,"4111 Todd Ln, Austin, TX 78744",Austin,TX,78744,512-280-4696,4.7,35,false,false,0,,,,Limestone Moving Co. is a moving company included in Texas Rated coverage for the Austin market.,Public business listing snapshot,2026-08-28,Austin|South Austin
Einstein Moving Company - Austin,Austin,Moving,"9200 Brown Ln A, Austin, TX 78754",Austin,TX,78754,737-377-5181,4.8,674,false,false,0,,,,Einstein Moving Company - Austin is a moving company included in Texas Rated coverage for the Austin market.,Public business listing snapshot,2026-08-28,Austin|North Austin
MoverTron Moving,Austin,Moving,"3432 Greystone Dr Ste 126, Austin, TX 78731",Austin,TX,78731,512-553-1153,5.0,1033,false,false,0,,,,MoverTron Moving is a moving company included in Texas Rated coverage for the Austin market.,Public business listing snapshot,2026-08-28,Austin|North Austin
Einstein Moving Company - South Austin,Austin,Moving,"4315 Terry-O Ln, Austin, TX 78745",Austin,TX,78745,737-239-8072,4.8,268,false,false,0,,,,Einstein Moving Company - South Austin is a moving company included in Texas Rated coverage for the Austin market.,Public business listing snapshot,2026-08-28,Austin|South Austin
Square Cow Movers,Austin,Moving,"4005 Warehouse Row, Austin, TX 78704",Austin,TX,78704,512-501-2430,4.9,1316,false,false,0,,,,Square Cow Movers is a moving company included in Texas Rated coverage for the Austin market.,Public business listing snapshot,2026-08-28,Austin|South Austin
Damiani’s Comfort Design,San Antonio,HVAC,"626 Isom Rd, San Antonio, TX 78216",San Antonio,TX,78216,210-646-9600,5.0,741,false,false,0,,,,Damiani’s Comfort Design is a hvac company included in Texas Rated coverage for the San Antonio market.,Public business listing snapshot,2026-08-28,San Antonio
ASC Heating & Air Conditioning,San Antonio,HVAC,"410 W Rhapsody Dr Ste C, San Antonio, TX 78216",San Antonio,TX,78216,210-761-5033,4.9,547,false,false,0,,,,ASC Heating & Air Conditioning is a hvac company included in Texas Rated coverage for the San Antonio market.,Public business listing snapshot,2026-08-28,San Antonio
Blue Dot Air Conditioning & Heating,San Antonio,HVAC,"1219 W Blanco Rd, San Antonio, TX 78232",San Antonio,TX,78232,210-364-8200,5.0,7,false,false,0,,,,Blue Dot Air Conditioning & Heating is a hvac company included in Texas Rated coverage for the San Antonio market.,Public business listing snapshot,2026-08-28,San Antonio
Zero Heating AC & Refrigeration,San Antonio,HVAC,"114 Park Plaza, San Antonio, TX 78237",San Antonio,TX,78237,210-900-0824,4.9,745,false,false,0,,,,Zero Heating AC & Refrigeration is a hvac company included in Texas Rated coverage for the San Antonio market.,Public business listing snapshot,2026-08-28,San Antonio
Wilks Air Conditioning & Heating,San Antonio,HVAC,"139 Waleetka St, San Antonio, TX 78210",San Antonio,TX,78210,210-534-9911,4.5,44,false,false,0,,,,Wilks Air Conditioning & Heating is a hvac company included in Texas Rated coverage for the San Antonio market.,Public business listing snapshot,2026-08-28,San Antonio
PlumbSmart,San Antonio,Plumbing,"1233 Safari, San Antonio, TX 78216",San Antonio,TX,78216,210-810-0810,5.0,20,false,false,0,,,,PlumbSmart is a plumbing company included in Texas Rated coverage for the San Antonio market.,Public business listing snapshot,2026-08-28,San Antonio
The Bearded Plumber,San Antonio,Plumbing,"San Antonio, TX 78210",San Antonio,TX,78210,210-906-4366,5.0,17,false,false,0,,,,The Bearded Plumber is a plumbing company included in Texas Rated coverage for the San Antonio market.,Public business listing snapshot,2026-08-28,San Antonio
Chambliss Plumbing Company,San Antonio,Plumbing,"1875 E Borgfeld Dr, San Antonio, TX 78260",San Antonio,TX,78260,210-802-2439,4.7,57,false,false,0,,,,Chambliss Plumbing Company is a plumbing company included in Texas Rated coverage for the San Antonio market.,Public business listing snapshot,2026-08-28,San Antonio
Mr. Plumber Plumbing Co.,San Antonio,Plumbing,"21750 Hardy Oak Blvd Ste 9, San Antonio, TX 78258",San Antonio,TX,78258,210-684-7010,4.8,1848,false,false,0,,,,Mr. Plumber Plumbing Co. is a plumbing company included in Texas Rated coverage for the San Antonio market.,Public business listing snapshot,2026-08-28,San Antonio
"Big City Plumbing, LLC",San Antonio,Plumbing,"4274 GateCrest, San Antonio, TX 78217",San Antonio,TX,78217,210-499-1010,4.7,80,false,false,0,,,,"Big City Plumbing, LLC is a plumbing company included in Texas Rated coverage for the San Antonio market.",Public business listing snapshot,2026-08-28,San Antonio
Safepro Roofing,San Antonio,Roofing,"114 N Ellison Dr #403, San Antonio, TX 78251",San Antonio,TX,78251,210-485-5308,5.0,1,false,false,0,,,,Safepro Roofing is a roofing company included in Texas Rated coverage for the San Antonio market.,Public business listing snapshot,2026-08-28,San Antonio
Bondoc Roofing,San Antonio,Roofing,"10127 Morocco St #195, San Antonio, TX 78216",San Antonio,TX,78216,210-796-1096,4.1,18,false,false,0,,,,Bondoc Roofing is a roofing company included in Texas Rated coverage for the San Antonio market.,Public business listing snapshot,2026-08-28,San Antonio
Blues Crews,San Antonio,Roofing,"18911 Hardy Oak Blvd Ste 101, San Antonio, TX 78258",San Antonio,TX,78258,830-360-2583,5.0,427,false,false,0,,,,Blues Crews is a roofing company included in Texas Rated coverage for the San Antonio market.,Public business listing snapshot,2026-08-28,San Antonio
Presidio Roofing Company of San Antonio,San Antonio,Roofing,"414 W Nakoma St, San Antonio, TX 78216",San Antonio,TX,78216,210-920-7906,5.0,328,false,false,0,,,,Presidio Roofing Company of San Antonio is a roofing company included in Texas Rated coverage for the San Antonio market.,Public business listing snapshot,2026-08-28,San Antonio
Shield Roofing,San Antonio,Roofing,"21750 Hardy Oak Blvd Ste 102-110, San Antonio, TX 78258",San Antonio,TX,78258,210-348-3680,5.0,328,false,false,0,,,,Shield Roofing is a roofing company included in Texas Rated coverage for the San Antonio market.,Public business listing snapshot,2026-08-28,San Antonio
Allgood Electric,San Antonio,Electrical,"12106 Valliant St, San Antonio, TX 78216",San Antonio,TX,78216,210-255-4663,4.6,88,false,false,0,,,,Allgood Electric is a electrical company included in Texas Rated coverage for the San Antonio market.,Public business listing snapshot,2026-08-28,San Antonio
Jireh Electric,San Antonio,Electrical,"515 E Dickson Ave, San Antonio, TX 78214",San Antonio,TX,78214,210-771-0028,4.9,565,false,false,0,,,,Jireh Electric is a electrical company included in Texas Rated coverage for the San Antonio market.,Public business listing snapshot,2026-08-28,San Antonio
Mister Sparky,San Antonio,Electrical,"12829 Wetmore Rd, San Antonio, TX 78247",San Antonio,TX,78247,210-899-2430,3.7,57,false,false,0,,,,Mister Sparky is a electrical company included in Texas Rated coverage for the San Antonio market.,Public business listing snapshot,2026-08-28,San Antonio
"4A Electrical Services, LLC",San Antonio,Electrical,"9207 Jiggitty Dr, San Antonio, TX 78254",San Antonio,TX,78254,210-621-8687,5.0,351,false,false,0,,,,"4A Electrical Services, LLC is a electrical company included in Texas Rated coverage for the San Antonio market.",Public business listing snapshot,2026-08-28,San Antonio
Mr. Electric of San Antonio,San Antonio,Electrical,"4729 Shavano Oak, San Antonio, TX 78249",San Antonio,TX,78249,210-468-1100,3.0,63,false,false,0,,,,Mr. Electric of San Antonio is a electrical company included in Texas Rated coverage for the San Antonio market.,Public business listing snapshot,2026-08-28,San Antonio
S.A. Total Tree Service,San Antonio,Tree Service,"San Antonio, TX",San Antonio,TX,,210-857-2006,5.0,1041,false,false,0,,,,S.A. Total Tree Service is a tree service company included in Texas Rated coverage for the San Antonio market.,Public business listing snapshot,2026-08-28,San Antonio
3 Monkeys Tree Service,San Antonio,Tree Service,"San Antonio, TX",San Antonio,TX,,210-253-7777,4.9,543,false,false,0,,,,3 Monkeys Tree Service is a tree service company included in Texas Rated coverage for the San Antonio market.,Public business listing snapshot,2026-08-28,San Antonio
"Action Tree Service, LLC",San Antonio,Tree Service,"212 Fleetwood Dr, San Antonio, TX 78232",San Antonio,TX,78232,210-551-1225,4.9,378,false,false,0,,,,"Action Tree Service, LLC is a tree service company included in Texas Rated coverage for the San Antonio market.",Public business listing snapshot,2026-08-28,San Antonio
Texas Sun Tree Services,San Antonio,Tree Service,"San Antonio, TX",San Antonio,TX,,726-226-3029,4.9,332,false,false,0,,,,Texas Sun Tree Services is a tree service company included in Texas Rated coverage for the San Antonio market.,Public business listing snapshot,2026-08-28,San Antonio
Mission City Arbor Group,San Antonio,Tree Service,"4366 Centergate St, San Antonio, TX 78217",San Antonio,TX,78217,210-934-6339,4.8,35,false,false,0,,,,Mission City Arbor Group is a tree service company included in Texas Rated coverage for the San Antonio market.,Public business listing snapshot,2026-08-28,San Antonio
Hole In One Lawns,San Antonio,Landscaping,"8911 Hardy Oak Blvd, San Antonio, TX 78258",San Antonio,TX,78258,830-714-2755,5.0,134,false,false,0,,,,Hole In One Lawns is a landscaping company included in Texas Rated coverage for the San Antonio market.,Public business listing snapshot,2026-08-28,San Antonio
Canopy Land Solutions,San Antonio,Landscaping,"11002 Cedar Elm Dr, San Antonio, TX 78230",San Antonio,TX,78230,218-595-7370,4.9,183,false,false,0,,,,Canopy Land Solutions is a landscaping company included in Texas Rated coverage for the San Antonio market.,Public business listing snapshot,2026-08-28,San Antonio
LLB Landscaping,San Antonio,Landscaping,"San Antonio, TX",San Antonio,TX,,726-266-1777,5.0,104,false,false,0,,,,LLB Landscaping is a landscaping company included in Texas Rated coverage for the San Antonio market.,Public business listing snapshot,2026-08-28,San Antonio
LAWN D.R LANDSCAPING AND IRRIGATION LLC,San Antonio,Landscaping,"535 W Hermosa Dr, San Antonio, TX 78212",San Antonio,TX,78212,210-994-2934,4.9,119,false,false,0,,,,LAWN D.R LANDSCAPING AND IRRIGATION LLC is a landscaping company included in Texas Rated coverage for the San Antonio market.,Public business listing snapshot,2026-08-28,San Antonio
Grounded Landscaping,San Antonio,Landscaping,"19035 Talavera Ridge, San Antonio, TX 78257",San Antonio,TX,78257,210-942-6819,4.9,88,false,false,0,,,,Grounded Landscaping is a landscaping company included in Texas Rated coverage for the San Antonio market.,Public business listing snapshot,2026-08-28,San Antonio
System Pavers - San Antonio,San Antonio,Hardscaping,"18911 Hardy Oak Blvd Ste 193, San Antonio, TX 78258",San Antonio,TX,78258,830-319-7196,4.8,50,false,false,0,,,,System Pavers - San Antonio is a hardscaping company included in Texas Rated coverage for the San Antonio market.,Public business listing snapshot,2026-08-28,San Antonio
Sanchez Masonry,San Antonio,Hardscaping,"1431 W Hermosa, San Antonio, TX 78201",San Antonio,TX,78201,210-328-7738,4.9,54,false,false,0,,,,Sanchez Masonry is a hardscaping company included in Texas Rated coverage for the San Antonio market.,Public business listing snapshot,2026-08-28,San Antonio
VHS Outdoor Living,San Antonio,Hardscaping,"14726 Bulverde Rd, San Antonio, TX 78247",San Antonio,TX,78247,210-287-7027,4.5,10,false,false,0,,,,VHS Outdoor Living is a hardscaping company included in Texas Rated coverage for the San Antonio market.,Public business listing snapshot,2026-08-28,San Antonio
Grenstone Landscaping & Masonry LLC,San Antonio,Hardscaping,"124 Jasmine Ln, San Antonio, TX 78237",San Antonio,TX,78237,210-537-5876,5.0,42,false,false,0,,,,Grenstone Landscaping & Masonry LLC is a hardscaping company included in Texas Rated coverage for the San Antonio market.,Public business listing snapshot,2026-08-28,San Antonio
Zion Landscape Co.,San Antonio,Hardscaping,"911 N Frio St Ste 200, San Antonio, TX 78207",San Antonio,TX,78207,210-279-1312,5.0,63,false,false,0,,,,Zion Landscape Co. is a hardscaping company included in Texas Rated coverage for the San Antonio market.,Public business listing snapshot,2026-08-28,San Antonio
OCD Cleaners - House Cleaning Service San Antonio,San Antonio,House Cleaning,"7607 Grissom Rd Ste 105, San Antonio, TX 78251",San Antonio,TX,78251,210-730-8067,4.9,1103,false,false,0,,,,OCD Cleaners - House Cleaning Service San Antonio is a house cleaning company included in Texas Rated coverage for the San Antonio market.,Public business listing snapshot,2026-08-28,San Antonio
Maids on a Mission,San Antonio,House Cleaning,"10864 Gulfdale St, San Antonio, TX 78216",San Antonio,TX,78216,210-988-0288,4.8,12,false,false,0,,,,Maids on a Mission is a house cleaning company included in Texas Rated coverage for the San Antonio market.,Public business listing snapshot,2026-08-28,San Antonio
Sparkly Maid San Antonio Cleaning Services,San Antonio,House Cleaning,"200 Main Plaza Ste 420, San Antonio, TX 78205",San Antonio,TX,78205,210-664-5052,4.9,339,false,false,0,,,,Sparkly Maid San Antonio Cleaning Services is a house cleaning company included in Texas Rated coverage for the San Antonio market.,Public business listing snapshot,2026-08-28,San Antonio
BB'z Housekeeping LLC,San Antonio,House Cleaning,"3507 Battlecry, San Antonio, TX 78245",San Antonio,TX,78245,210-982-5159,5.0,260,false,false,0,,,,BB'z Housekeeping LLC is a house cleaning company included in Texas Rated coverage for the San Antonio market.,Public business listing snapshot,2026-08-28,San Antonio
Mom Needs A Break Cleaning,San Antonio,House Cleaning,"8620 N New Braunfels Ave, San Antonio, TX 78217",San Antonio,TX,78217,210-815-1399,4.8,393,false,false,0,,,,Mom Needs A Break Cleaning is a house cleaning company included in Texas Rated coverage for the San Antonio market.,Public business listing snapshot,2026-08-28,San Antonio
Ace Handyman Services San Antonio,San Antonio,Handyman,"2556 Boardwalk St, San Antonio, TX 78217",San Antonio,TX,78217,726-217-7552,4.8,516,false,false,0,,,,Ace Handyman Services San Antonio is a handyman company included in Texas Rated coverage for the San Antonio market.,Public business listing snapshot,2026-08-28,San Antonio
PJP HANDYMAN San Antonio tx,San Antonio,Handyman,"San Antonio, TX",San Antonio,TX,,210-330-2820,4.9,283,false,false,0,,,,PJP HANDYMAN San Antonio tx is a handyman company included in Texas Rated coverage for the San Antonio market.,Public business listing snapshot,2026-08-28,San Antonio
"Handy Squad Home Services, Inc",San Antonio,Handyman,"10203 Kotzebue St Ste 103, San Antonio, TX 78217",San Antonio,TX,78217,210-222-2300,3.4,11,false,false,0,,,,"Handy Squad Home Services, Inc is a handyman company included in Texas Rated coverage for the San Antonio market.",Public business listing snapshot,2026-08-28,San Antonio
Fix-It-Freddy,San Antonio,Handyman,"8546 Broadway Ste 229, San Antonio, TX 78217",San Antonio,TX,78217,210-393-0551,4.9,60,false,false,0,,,,Fix-It-Freddy is a handyman company included in Texas Rated coverage for the San Antonio market.,Public business listing snapshot,2026-08-28,San Antonio
Samuel's Handyman Service LLC,San Antonio,Handyman,"San Antonio, TX",San Antonio,TX,,210-895-1303,4.9,133,false,false,0,,,,Samuel's Handyman Service LLC is a handyman company included in Texas Rated coverage for the San Antonio market.,Public business listing snapshot,2026-08-28,San Antonio
Bin There Dump That- San Antonio Dumpster Rental,San Antonio,Dumpster Rental,"838 Sprucewood Ln, San Antonio, TX 78216",San Antonio,TX,78216,210-441-2121,3.3,12,false,false,0,,,,Bin There Dump That- San Antonio Dumpster Rental is a dumpster rental company included in Texas Rated coverage for the San Antonio market.,Public business listing snapshot,2026-08-28,San Antonio
All Pro Junk Demolition & Dumpster Rentals,San Antonio,Dumpster Rental|Junk Removal,"San Antonio, TX",San Antonio,TX,,210-698-8000,4.9,283,false,false,0,,,,All Pro Junk Demolition & Dumpster Rentals is a dumpster rental company included in Texas Rated coverage for the San Antonio market.,Public business listing snapshot,2026-08-28,San Antonio
VaVia San Antonio,San Antonio,Dumpster Rental,"14726 Bulverde Rd, San Antonio, TX 78247",San Antonio,TX,78247,210-942-9186,5.0,142,false,false,0,,,,VaVia San Antonio is a dumpster rental company included in Texas Rated coverage for the San Antonio market.,Public business listing snapshot,2026-08-28,San Antonio
VaVia Easy Go,San Antonio,Dumpster Rental,"47 Worth Dr, Boerne, TX 78006",Boerne,TX,78006,210-791-6704,5.0,2,false,false,0,,,,VaVia Easy Go is a dumpster rental company included in Texas Rated coverage for the San Antonio market.,Public business listing snapshot,2026-08-28,San Antonio
Bin There Dump That San Antonio,San Antonio,Dumpster Rental,"San Antonio, TX",San Antonio,TX,,210-441-2121,3.3,12,false,false,0,,,,Bin There Dump That San Antonio is a dumpster rental company included in Texas Rated coverage for the San Antonio market.,Public business listing snapshot,2026-08-28,San Antonio
1-800-GOT-JUNK? San Antonio,San Antonio,Junk Removal,"San Antonio, TX",San Antonio,TX,,726-262-0224,5.0,5479,false,false,0,,,,1-800-GOT-JUNK? San Antonio is a junk removal company included in Texas Rated coverage for the San Antonio market.,Public business listing snapshot,2026-08-28,San Antonio
Junk King San Antonio,San Antonio,Junk Removal,"13515 Topper Cir, San Antonio, TX 78233",San Antonio,TX,78233,210-640-7241,4.5,86,false,false,0,,,,Junk King San Antonio is a junk removal company included in Texas Rated coverage for the San Antonio market.,Public business listing snapshot,2026-08-28,San Antonio
JunkStart Junk Removal,San Antonio,Junk Removal,"126 E Turbo Dr, San Antonio, TX 78216",San Antonio,TX,78216,210-934-3886,5.0,7,false,false,0,,,,JunkStart Junk Removal is a junk removal company included in Texas Rated coverage for the San Antonio market.,Public business listing snapshot,2026-08-28,San Antonio
210 Junk Removal,San Antonio,Junk Removal,"7258 Hickory Grove Dr, San Antonio, TX 78227",San Antonio,TX,78227,210-837-2697,5.0,566,false,false,0,,,,210 Junk Removal is a junk removal company included in Texas Rated coverage for the San Antonio market.,Public business listing snapshot,2026-08-28,San Antonio
X Out Pest Services - San Antonio,San Antonio,Pest Control,"8611 Honiley St, San Antonio, TX 78254",San Antonio,TX,78254,726-888-7020,4.9,233,false,false,0,,,,X Out Pest Services - San Antonio is a pest control company included in Texas Rated coverage for the San Antonio market.,Public business listing snapshot,2026-08-28,San Antonio
Berrett Pest Control - San Antonio,San Antonio,Pest Control,"11116 Watt Cir, San Antonio, TX 78233",San Antonio,TX,78233,210-864-2390,4.9,4436,false,false,0,,,,Berrett Pest Control - San Antonio is a pest control company included in Texas Rated coverage for the San Antonio market.,Public business listing snapshot,2026-08-28,San Antonio
Cerv Property Solutions San Antonio,San Antonio,Pest Control,"11549 Old Perrin Beitel Rd Ste 106, San Antonio, TX 78217",San Antonio,TX,78217,210-899-5771,5.0,1543,false,false,0,,,,Cerv Property Solutions San Antonio is a pest control company included in Texas Rated coverage for the San Antonio market.,Public business listing snapshot,2026-08-28,San Antonio
Stride Pest Control,San Antonio,Pest Control,"3501 Pin Oak Dr #110, San Antonio, TX 78229",San Antonio,TX,78229,210-547-8410,4.7,15,false,false,0,,,,Stride Pest Control is a pest control company included in Texas Rated coverage for the San Antonio market.,Public business listing snapshot,2026-08-28,San Antonio
Magna Pest Solutions / Cerv Property Solutions,San Antonio,Pest Control,"San Antonio, TX 78217",San Antonio,TX,78217,210-899-5771,5.0,1543,false,false,0,,,,Magna Pest Solutions / Cerv Property Solutions is a pest control company included in Texas Rated coverage for the San Antonio market.,Public business listing snapshot,2026-08-28,San Antonio
Hollywood-Crawford Garage Doors and Openers,San Antonio,Garage Door,"11234 Gordon Rd, San Antonio, TX 78216",San Antonio,TX,78216,210-960-3150,4.7,87,false,false,0,,,,Hollywood-Crawford Garage Doors and Openers is a garage door company included in Texas Rated coverage for the San Antonio market.,Public business listing snapshot,2026-08-28,San Antonio
Garage Door Specialists,San Antonio,Garage Door,"6923 W Loop 1604 N #202, San Antonio, TX 78254",San Antonio,TX,78254,210-361-3998,5.0,23,false,false,0,,,,Garage Door Specialists is a garage door company included in Texas Rated coverage for the San Antonio market.,Public business listing snapshot,2026-08-28,San Antonio
Garage Door Masters,San Antonio,Garage Door,"2411 Canyon Rim, San Antonio, TX 78232",San Antonio,TX,78232,210-399-1709,4.8,16,false,false,0,,,,Garage Door Masters is a garage door company included in Texas Rated coverage for the San Antonio market.,Public business listing snapshot,2026-08-28,San Antonio
Garage Door Repair Co.,San Antonio,Garage Door,"San Antonio, TX 78217",San Antonio,TX,78217,210-656-1043,5.0,603,false,false,0,,,,Garage Door Repair Co. is a garage door company included in Texas Rated coverage for the San Antonio market.,Public business listing snapshot,2026-08-28,San Antonio
R&L Overhead Door Inc,San Antonio,Garage Door,"7735 Montego Rd, San Antonio, TX 78250",San Antonio,TX,78250,210-688-2222,5.0,2,false,false,0,,,,R&L Overhead Door Inc is a garage door company included in Texas Rated coverage for the San Antonio market.,Public business listing snapshot,2026-08-28,San Antonio
River City Painting,San Antonio,Painting,"3500 Goliad Rd #155, San Antonio, TX 78223",San Antonio,TX,78223,210-800-4324,5.0,4,false,false,0,,,,River City Painting is a painting company included in Texas Rated coverage for the San Antonio market.,Public business listing snapshot,2026-08-28,San Antonio
That 1 Painter San Antonio,San Antonio,Painting,"Blakeley Dr, San Antonio, TX 78209",San Antonio,TX,78209,210-942-6662,4.7,20,false,false,0,,,,That 1 Painter San Antonio is a painting company included in Texas Rated coverage for the San Antonio market.,Public business listing snapshot,2026-08-28,San Antonio
Magna Painting,San Antonio,Painting,"5407 Bandera Rd Suite 102A, San Antonio, TX 78238",San Antonio,TX,78238,830-532-7703,4.9,239,false,false,0,,,,Magna Painting is a painting company included in Texas Rated coverage for the San Antonio market.,Public business listing snapshot,2026-08-28,San Antonio
Paper Moon Painting,San Antonio,Painting,"5616 I-10 Ste 103, San Antonio, TX 78201",San Antonio,TX,78201,210-610-2417,4.4,28,false,false,0,,,,Paper Moon Painting is a painting company included in Texas Rated coverage for the San Antonio market.,Public business listing snapshot,2026-08-28,San Antonio
Paint Masters of Texas,San Antonio,Painting,"2313 Lockhill Selma Rd #229, San Antonio, TX 78230",San Antonio,TX,78230,210-979-0902,4.6,19,false,false,0,,,,Paint Masters of Texas is a painting company included in Texas Rated coverage for the San Antonio market.,Public business listing snapshot,2026-08-28,San Antonio
Poolie,San Antonio,Pool Service,"4738 Center Park Blvd, San Antonio, TX 78218",San Antonio,TX,78218,210-405-5990,4.7,828,false,false,0,,,,Poolie is a pool service company included in Texas Rated coverage for the San Antonio market.,Public business listing snapshot,2026-08-28,San Antonio
Davis Pools,San Antonio,Pool Service,"San Antonio, TX",San Antonio,TX,,210-740-5317,5.0,264,false,false,0,,,,Davis Pools is a pool service company included in Texas Rated coverage for the San Antonio market.,Public business listing snapshot,2026-08-28,San Antonio
Blue Science,San Antonio,Pool Service,"10855 I-35, San Antonio, TX 78233",San Antonio,TX,78233,210-361-5006,4.6,309,false,false,0,,,,Blue Science is a pool service company included in Texas Rated coverage for the San Antonio market.,Public business listing snapshot,2026-08-28,San Antonio
Gary Pools,San Antonio,Pool Service,"6865 Camp Bullis Rd, San Antonio, TX 78256",San Antonio,TX,78256,210-791-7577,4.6,764,false,false,0,,,,Gary Pools is a pool service company included in Texas Rated coverage for the San Antonio market.,Public business listing snapshot,2026-08-28,San Antonio
San Antonio Local Pool Maintenance,San Antonio,Pool Service,"1223 Austin Hwy, San Antonio, TX 78209",San Antonio,TX,78209,210-544-5510,4.9,94,false,false,0,,,,San Antonio Local Pool Maintenance is a pool service company included in Texas Rated coverage for the San Antonio market.,Public business listing snapshot,2026-08-28,San Antonio
Veteran's Best Movers,San Antonio,Moving,"4152 Jung Rd, San Antonio, TX 78247",San Antonio,TX,78247,210-761-6595,5.0,1143,false,false,0,,,,Veteran's Best Movers is a moving company included in Texas Rated coverage for the San Antonio market.,Public business listing snapshot,2026-08-28,San Antonio
Einstein Moving Company - San Antonio,San Antonio,Moving,"3400 Nacogdoches Rd, San Antonio, TX 78217",San Antonio,TX,78217,210-794-6753,4.8,226,false,false,0,,,,Einstein Moving Company - San Antonio is a moving company included in Texas Rated coverage for the San Antonio market.,Public business listing snapshot,2026-08-28,San Antonio
Trailblazer Moving,San Antonio,Moving,"6325 San Pedro Ave Unit 4, San Antonio, TX 78216",San Antonio,TX,78216,210-491-9456,4.9,810,false,false,0,,,,Trailblazer Moving is a moving company included in Texas Rated coverage for the San Antonio market.,Public business listing snapshot,2026-08-28,San Antonio
Get It Done Moving,San Antonio,Moving,"Schertz, TX",Schertz,TX,,210-361-7241,5.0,630,false,false,0,,,,Get It Done Moving is a moving company included in Texas Rated coverage for the San Antonio market.,Public business listing snapshot,2026-08-28,San Antonio
Veteran's Best Movers - Hillpoint,San Antonio,Moving,"10869 Hillpoint Dr, San Antonio, TX 78217",San Antonio,TX,78217,210-761-6595,4.8,61,false,false,0,,,,Veteran's Best Movers - Hillpoint is a moving company included in Texas Rated coverage for the San Antonio market.,Public business listing snapshot,2026-08-28,San Antonio
